<?xml version = "1.0" encoding = "UTF-8"?>
<!DOCTYPE suite SYSTEM "http://testng.org/testng-1.0.dtd">

<suite name = "Tests4GoPro" parallel="tests" thread-count="4">
   <test name = "Romania">
   <parameter name="Country" value="Romania" />
      <classes>
         <class name = "GoProTests.RoTest" />                
      </classes>
   </test> 
   <test name = "Italy">
   <parameter name="Country" value="Italy" />
      <classes>
         <class name = "GoProTests.RoTest" />                
      </classes>
   </test>
   <test name = "Spain">
   <parameter name="Country" value="Spain" />
      <classes>
         <class name = "GoProTests.RoTest" />                
      </classes>
   </test>
   <test name = "Germany">
   <parameter name="Country" value="Germany" />
      <classes>
         <class name = "GoProTests.RoTest" />                
      </classes>
   </test>
</suite>